date,mmm yy,week no
01-Mar-24,Mar-24,W 9
02-Mar-24,Mar-24,W 9
03-Mar-24,Mar-24,W 10
04-Mar-24,Mar-24,W 10
05-Mar-24,Mar-24,W 10
06-Mar-24,Mar-24,W 10
07-Mar-24,Mar-24,W 10
08-Mar-24,Mar-24,W 10
09-Mar-24,Mar-24,W 10
10-Mar-24,Mar-24,W 11
11-Mar-24,Mar-24,W 11
12-Mar-24,Mar-24,W 11
13-Mar-24,Mar-24,W 11
14-Mar-24,Mar-24,W 11
15-Mar-24,Mar-24,W 11
16-Mar-24,Mar-24,W 11
17-Mar-24,Mar-24,W 12
18-Mar-24,Mar-24,W 12
19-Mar-24,Mar-24,W 12
20-Mar-24,Mar-24,W 12
21-Mar-24,Mar-24,W 12
22-Mar-24,Mar-24,W 12
23-Mar-24,Mar-24,W 12
24-Mar-24,Mar-24,W 13
25-Mar-24,Mar-24,W 13
26-Mar-24,Mar-24,W 13
27-Mar-24,Mar-24,W 13
28-Mar-24,Mar-24,W 13
29-Mar-24,Mar-24,W 13
30-Mar-24,Mar-24,W 13
31-Mar-24,Mar-24,W 14
01-Apr-24,Apr-24,W 14
02-Apr-24,Apr-24,W 14
03-Apr-24,Apr-24,W 14
04-Apr-24,Apr-24,W 14
05-Apr-24,Apr-24,W 14
06-Apr-24,Apr-24,W 14
07-Apr-24,Apr-24,W 15
08-Apr-24,Apr-24,W 15
09-Apr-24,Apr-24,W 15
10-Apr-24,Apr-24,W 15
11-Apr-24,Apr-24,W 15
12-Apr-24,Apr-24,W 15
13-Apr-24,Apr-24,W 15
14-Apr-24,Apr-24,W 16
15-Apr-24,Apr-24,W 16
16-Apr-24,Apr-24,W 16
17-Apr-24,Apr-24,W 16
18-Apr-24,Apr-24,W 16
19-Apr-24,Apr-24,W 16
20-Apr-24,Apr-24,W 16
21-Apr-24,Apr-24,W 17
22-Apr-24,Apr-24,W 17
23-Apr-24,Apr-24,W 17
24-Apr-24,Apr-24,W 17
25-Apr-24,Apr-24,W 17
26-Apr-24,Apr-24,W 17
27-Apr-24,Apr-24,W 17
28-Apr-24,Apr-24,W 18
29-Apr-24,Apr-24,W 18
30-Apr-24,Apr-24,W 18
01-May-24,May-24,W 18
02-May-24,May-24,W 18
03-May-24,May-24,W 18
04-May-24,May-24,W 18
05-May-24,May-24,W 19
06-May-24,May-24,W 19
07-May-24,May-24,W 19
08-May-24,May-24,W 19
09-May-24,May-24,W 19
10-May-24,May-24,W 19
11-May-24,May-24,W 19
12-May-24,May-24,W 20
13-May-24,May-24,W 20
14-May-24,May-24,W 20
15-May-24,May-24,W 20
16-May-24,May-24,W 20
17-May-24,May-24,W 20
18-May-24,May-24,W 20
19-May-24,May-24,W 21
20-May-24,May-24,W 21
21-May-24,May-24,W 21
22-May-24,May-24,W 21
23-May-24,May-24,W 21
24-May-24,May-24,W 21
25-May-24,May-24,W 21
26-May-24,May-24,W 22
27-May-24,May-24,W 22
28-May-24,May-24,W 22
29-May-24,May-24,W 22
30-May-24,May-24,W 22
31-May-24,May-24,W 22
